{
  "train_losses": [
    1.2428872523023122,
    1.0067000807221256,
    0.8758529730104095,
    0.7702122171027941,
    0.6565444286585249
  ],
  "val_losses": [
    1.1306583411646205,
    1.036217600699292,
    1.0334718949747401,
    1.0350648101591906,
    1.0627100668995586
  ],
  "val_f1_scores": [
    0.5763683026461328,
    0.6102843987452683,
    0.6201830397642822,
    0.6257932873138575,
    0.6344259372972318
  ]
}